John Doe | johndoe1@example.com | 1958 | Japan
John Doe | johndoe2@example.com | 1204 | Turkey
Ayse Demir | aysedemir3@example.com | 3321 | Turkey
Fatma Nur | fatmanur4@example.com | 1608 | Germany
Fatma Nur | fatmanur5@example.com | 1591 | France
John Doe | johndoe6@example.com | 5118 | Japan
Fatma Nur | fatmanur7@example.com | 9217 | Turkey
Fatma Nur | fatmanur8@example.com | 7369 | Japan
Dr Ozhan | drozhan9@example.com | 9458 | Qatar
Ali Yilmaz | aliyilmaz10@example.com | 7458 | Germany
Fatma Nur | fatmanur11@example.com | 8540 | Turkey
Fatma Nur | fatmanur12@example.com | 8698 | Germany
Fatma Nur | fatmanur13@example.com | 8670 | Japan
John Doe | johndoe14@example.com | 6180 | Japan
Ali Yilmaz | aliyilmaz15@example.com | 6961 | Turkey
Dr Ozhan | drozhan16@example.com | 2198 | Turkey
Dr Ozhan | drozhan17@example.com | 3774 | Qatar
Fatma Nur | fatmanur18@example.com | 4581 | Qatar
Dr Ozhan | drozhan19@example.com | 6379 | France
John Doe | johndoe20@example.com | 3909 | Germany
Ayse Demir | aysedemir21@example.com | 8255 | Turkey
Ayse Demir | aysedemir22@example.com | 417 | France
Fatma Nur | fatmanur23@example.com | 7006 | France
John Doe | johndoe24@example.com | 8837 | France
Fatma Nur | fatmanur25@example.com | 3286 | France
Fatma Nur | fatmanur26@example.com | 4598 | Germany
Fatma Nur | fatmanur27@example.com | 1359 | Turkey
Ali Yilmaz | aliyilmaz28@example.com | 3235 | Japan
Ayse Demir | aysedemir29@example.com | 7407 | France
Ayse Demir | aysedemir30@example.com | 7863 | Turkey
Ali Yilmaz | aliyilmaz31@example.com | 7909 | Qatar
Fatma Nur | fatmanur32@example.com | 4479 | Japan
Ayse Demir | aysedemir33@example.com | 3302 | Qatar
Ali Yilmaz | aliyilmaz34@example.com | 4369 | France
Ali Yilmaz | aliyilmaz35@example.com | 5307 | Turkey
John Doe | johndoe36@example.com | 3719 | Turkey
John Doe | johndoe37@example.com | 9183 | Germany
Fatma Nur | fatmanur38@example.com | 9377 | Japan
Fatma Nur | fatmanur39@example.com | 7316 | Qatar
Dr Ozhan | drozhan40@example.com | 7507 | Turkey
Ali Yilmaz | aliyilmaz41@example.com | 7413 | Qatar
Ali Yilmaz | aliyilmaz42@example.com | 5210 | Qatar
Ayse Demir | aysedemir43@example.com | 1883 | France
Ayse Demir | aysedemir44@example.com | 6301 | Qatar
Ali Yilmaz | aliyilmaz45@example.com | 2201 | Turkey
Ayse Demir | aysedemir46@example.com | 5068 | Germany
Ali Yilmaz | aliyilmaz47@example.com | 8909 | Japan
Ayse Demir | aysedemir48@example.com | 8857 | Germany
Fatma Nur | fatmanur49@example.com | 6599 | Turkey
Ayse Demir | aysedemir50@example.com | 5416 | France
